CREATE TABLE Client
(
	client_nr VARCHAR(6) PRIMARY KEY NOT NULL UNIQUE CHECK(char_length(client_nr) = 6),
    client_password VARCHAR(100) NOT NULL,
    client_fname VARCHAR(100) NOT NULL,
    client_lname VARCHAR(100) NOT NULL
);

INSERT INTO Client values('123456', 'adminadmin', 'Admin', 'Admin');
INSERT INTO Client values('654321', 'testtest', 'Test', 'Test');
INSERT INTO Client values('923860', 'oskarpasko', 'Oskar', 'Paśko');
INSERT INTO Client values('015348', 'elizatworkowska', 'Eliza', 'Tworkowska');

CREATE TABLE Card
(
    card_nr VARCHAR(16) PRIMARY KEY NOT NULL UNIQUE CHECK(char_length(card_nr)=16),
    card_term_data DATE NOT NULL,
    card_cvc_number VARCHAR(3) NOT NULL CHECK(char_length(card_cvc_number)=3),
    card_type ENUM('Debetowa', 'Kredytowa'),
    card_balance FLOAT NOT NULL,
    client_nr VARCHAR(6) NOT NULL,
    FOREIGN KEY (client_nr) REFERENCES Client (client_nr)
);

INSERT INTO Card values('1234567890123456', '2026-03-02', '123', 'Debetowa', 128.0, '123456');
INSERT INTO Card values('6543210987654321', '2023-02-02', '321', 'Kredytowa', -105.34,  '123456');
INSERT INTO Card values('1957463518203058', '2023-12-12', '000', 'Kredytowa', 0.0,  '123456');
INSERT INTO Card values('3947561056372946', '2025-12-11', '789', 'Debetowa', 53.43,  '923860');
INSERT INTO Card values('2635000016253729', '2023-09-12', '946', 'Kredytowa', -5000.0, '654321');
INSERT INTO Card values('1221344345545665', '2024-06-01', '734', 'Debetowa', 300.23, '654321');
INSERT INTO Card values('0192837465657489', '2024-05-05', '667', 'Debetowa', 27.4, '923860');
INSERT INTO Card values('0293650142399990', '2023-11-11', '912', 'Debetowa', 18.35, '015348');
INSERT INTO Card values('1122334455667788', '2027-02-02', '112', 'Kredytowa', -2520.0,  '015348');
INSERT INTO Card values('9102910291029102', '2026-02-08', '520', 'Kredytowa', -10.0, '015348');

CREATE TABLE Overflow
(
    overflow_id INT PRIMARY KEY NOT NULL AUTO_INCREMENT,
    overflow_send_number VARCHAR(16) NOT NULL CHECK(char_length(overflow_send_number)=16),
    overflow_recipent_number VARCHAR(16) NOT NULL CHECK(char_length(overflow_recipent_number)=16),
    overflow_data DATE NOT NULL,
    overflow_amount FLOAT NOT NULL
);

INSERT INTO Overflow values(null, '1234567890123456', '6543210987654321', '2022-06-21', 293.00);
INSERT INTO Overflow values(null, '1234567890123456', '3947561056372946', '2022-05-24', 251.00);
INSERT INTO Overflow values(null, '6543210987654321', '3947561056372946', '2022-01-12', 704.00);
INSERT INTO Overflow values(null, '2635000016253729', '6543210987654321', '2022-12-12', -985.00);
INSERT INTO Overflow values(null, '2635000016253729', '3947561056372946', '2022-11-11', 431.00);
INSERT INTO Overflow values(null, '1957463518203058', '3947561056372946', '2022-04-04', 263.00);
INSERT INTO Overflow values(null, '3947561056372946', '2635000016253729', '2022-06-12', -837.00);
INSERT INTO Overflow values(null, '1221344345545665', '2635000016253729', '2022-10-16', -862.00);
INSERT INTO Overflow values(null, '6543210987654321', '1234567890123456', '2022-09-30', 631.00);
INSERT INTO Overflow values(null, '6543210987654321', '2635000016253729', '2022-04-19', -363.00);
INSERT INTO Overflow values(null, '1957463518203058', '2635000016253729', '2022-08-12', -3.00);
INSERT INTO Overflow values(null, '1234567890123456', '1221344345545665', '2022-01-01', -460.00);
INSERT INTO Overflow values(null, '1234567890123456', '1221344345545665', '2022-06-01', -714.00);
INSERT INTO Overflow values(null, '1221344345545665', '0192837465657489', '2022-09-07', 594.00);
INSERT INTO Overflow values(null, '0192837465657489', '0293650142399990', '2022-09-26', -978.00);
INSERT INTO Overflow values(null, '0192837465657489', '0293650142399990', '2022-11-27', -20.00);
INSERT INTO Overflow values(null, '2635000016253729', '6543210987654321', '2022-10-22', 302.00);
INSERT INTO Overflow values(null, '0192837465657489', '1122334455667788', '2022-11-11', 309.00);
INSERT INTO Overflow values(null, '1122334455667788', '6543210987654321', '2022-12-12', -889.00);
INSERT INTO Overflow values(null, '2635000016253729', '0192837465657489', '2022-12-11', -952.00);
INSERT INTO Overflow values(null, '1957463518203058', '0192837465657489', '2022-11-12', 843.00);
INSERT INTO Overflow values(null, '9102910291029102', '1221344345545665', '2022-02-01', -782.00);
INSERT INTO Overflow values(null, '0129375691174651', '1221344345545665', '2022-02-12', 800.00);
INSERT INTO Overflow values(null, '1234567890123456', '9102910291029102', '2022-09-21', 441.00);
INSERT INTO Overflow values(null, '6565638291523262', '9102910291029102', '2022-08-12', -724.00);
INSERT INTO Overflow values(null, '8881714171999171', '9102910291029102', '2022-09-19', 918.00);
INSERT INTO Overflow values(null, '2635000016253729', '1234567890123456', '2022-09-12', 730.00);
INSERT INTO Overflow values(null, '8881714171999171', '1234567890123456', '2022-02-11', 505.00);
INSERT INTO Overflow values(null, '1957463518203058', '1234567890123456', '2022-01-10', -8.00);
INSERT INTO Overflow values(null, '0000000181413151', '1234567890123456', '2022-12-02', 381.00);
INSERT INTO Overflow values(null, '1111888881116651', '1957463518203058', '2022-12-06', 902.00);
INSERT INTO Overflow values(null, '1234567890123456', '1122334455667788', '2022-12-12', 188.00);
INSERT INTO Overflow values(null, '9102910291029102', '1122334455667788', '2022-11-11', -760.00);
INSERT INTO Overflow values(null, '1212121234465765', '9102910291029102', '2022-02-02', -148.00);
INSERT INTO Overflow values(null, '9102910291029102', '1122334455667788', '2022-02-07', -503.00);
INSERT INTO Overflow values(null, '1234567890123456', '1122334455667788', '2022-06-07', 954.00);
INSERT INTO Overflow values(null, '1234567890123456', '1957463518203058', '2022-08-02', -362.00);
INSERT INTO Overflow values(null, '6543210987654321', '1957463518203058', '2022-12-09', -58.00);
INSERT INTO Overflow values(null, '1234567890123456', '1221344345545665', '2022-01-01', -460.00);
INSERT INTO Overflow values(null, '9102910291029102', '1234567890123456', '2022-01-29', 264.00);
INSERT INTO Overflow values(null, '1234567890123456', '6543210987654321', '2022-06-21', 293.00);
INSERT INTO Overflow values(null, '1234567890123456', '3947561056372946', '2022-05-24', 251.00);
INSERT INTO Overflow values(null, '6543210987654321', '3947561056372946', '2022-01-12', 704.00);
INSERT INTO Overflow values(null, '2635000016253729', '6543210987654321', '2022-12-12', -985.00);
INSERT INTO Overflow values(null, '2635000016253729', '3947561056372946', '2022-11-11', 431.00);
INSERT INTO Overflow values(null, '1957463518203058', '3947561056372946', '2022-04-04', 263.00);
INSERT INTO Overflow values(null, '3947561056372946', '2635000016253729', '2022-06-12', -837.00);
INSERT INTO Overflow values(null, '1221344345545665', '2635000016253729', '2022-10-16', -862.00);
INSERT INTO Overflow values(null, '6543210987654321', '1234567890123456', '2022-09-30', 631.00);
INSERT INTO Overflow values(null, '6543210987654321', '2635000016253729', '2022-04-19', -363.00);
INSERT INTO Overflow values(null, '1957463518203058', '2635000016253729', '2022-08-12', -3.00);
INSERT INTO Overflow values(null, '1234567890123456', '1221344345545665', '2022-01-01', -460.00);
INSERT INTO Overflow values(null, '1234567890123456', '1221344345545665', '2022-06-01', -714.00);
INSERT INTO Overflow values(null, '1221344345545665', '0192837465657489', '2022-09-07', 594.00);
INSERT INTO Overflow values(null, '0192837465657489', '0293650142399990', '2022-09-26', -978.00);
INSERT INTO Overflow values(null, '0192837465657489', '0293650142399990', '2022-11-27', -20.00);
INSERT INTO Overflow values(null, '2635000016253729', '6543210987654321', '2022-10-22', 302.00);
INSERT INTO Overflow values(null, '0192837465657489', '1122334455667788', '2022-11-11', 309.00);
INSERT INTO Overflow values(null, '1122334455667788', '6543210987654321', '2022-12-12', -889.00);
INSERT INTO Overflow values(null, '2635000016253729', '0192837465657489', '2022-12-11', -952.00);
INSERT INTO Overflow values(null, '1957463518203058', '0192837465657489', '2022-11-12', 843.00);
INSERT INTO Overflow values(null, '9102910291029102', '1221344345545665', '2022-02-01', -782.00);
INSERT INTO Overflow values(null, '0129375691174651', '1221344345545665', '2022-02-12', 800.00);
INSERT INTO Overflow values(null, '1234567890123456', '9102910291029102', '2022-09-21', 441.00);
INSERT INTO Overflow values(null, '6565638291523262', '9102910291029102', '2022-08-12', -724.00);
INSERT INTO Overflow values(null, '8881714171999171', '9102910291029102', '2022-09-19', 918.00);
INSERT INTO Overflow values(null, '2635000016253729', '1234567890123456', '2022-09-12', 730.00);
INSERT INTO Overflow values(null, '8881714171999171', '1234567890123456', '2022-02-11', 505.00);
INSERT INTO Overflow values(null, '1957463518203058', '1234567890123456', '2022-01-10', -8.00);
INSERT INTO Overflow values(null, '0000000181413151', '1234567890123456', '2022-12-02', 381.00);
INSERT INTO Overflow values(null, '1111888881116651', '1957463518203058', '2022-12-06', 902.00);
INSERT INTO Overflow values(null, '1234567890123456', '1122334455667788', '2022-12-12', 188.00);
INSERT INTO Overflow values(null, '9102910291029102', '1122334455667788', '2022-11-11', -760.00);
INSERT INTO Overflow values(null, '1212121234465765', '9102910291029102', '2022-02-02', -148.00);
INSERT INTO Overflow values(null, '9102910291029102', '1122334455667788', '2022-02-07', -503.00);
INSERT INTO Overflow values(null, '1234567890123456', '1122334455667788', '2022-06-07', 954.00);
INSERT INTO Overflow values(null, '1234567890123456', '1957463518203058', '2022-08-02', -362.00);
INSERT INTO Overflow values(null, '6543210987654321', '1957463518203058', '2022-12-09', -58.00);
INSERT INTO Overflow values(null, '1234567890123456', '1221344345545665', '2022-01-01', -460.00);
INSERT INTO Overflow values(null, '9102910291029102', '1234567890123456', '2022-01-29', 264.00);